"Year","Month","CPI 2015=100 Point figure","CPI 2010=100 Point figure","CPI 2005=100 Point figure","CPI 2000=100 Point figure","CPI 1995=100 Point figure","CPI 1990 =100 Point figure","CPI 1985=100 Point figure","CPI 1981=100 Point figure","CPI 1977=100 Point figure","CPI 1972=100 Point figure"
"2018","January",101.2,110.1,120.8,128.5,138.8,155.4,196.8,264.9,383.2,749.8
"2018","February",101.5,110.5,121.2,128.9,139.2,155.9,197.4,265.7,384.4,752.1
"2018","March",101.7,110.7,121.4,129.2,139.5,156.2,197.8,266.3,385.2,753.6
"2018","April",102.0,111.0,121.7,129.5,139.8,156.6,198.3,266.9,386.2,755.5
"2018","May",102.1,111.1,121.9,129.7,140.0,156.8,198.5,267.2,386.6,756.3
"2018","June",102.3,111.3,122.1,129.9,140.3,157.1,198.9,267.8,387.4,758.0
"2018","July",102.2,111.2,122.0,129.8,140.2,157.0,198.8,267.6,387.1,757.4
"2018","August",102.4,111.4,122.2,130.0,140.4,157.2,199.1,268.0,387.7,758.5
"2018","September",102.6,111.6,122.5,130.3,140.7,157.5,199.5,268.5,388.5,760.1
"2018","October",.,.,.,.,.,.,.,.,.,.
"2018","November",.,.,.,.,.,.,.,.,.,.
"2018","December",.,.,.,.,.,.,.,.,.,.
"2018","Annual average",.,.,.,.,.,.,.,.,.,.
"2017","January",100.4,109.2,119.9,127.5,137.7,154.2,195.2,262.8,380.2,743.9
"2017","February",100.9,109.8,120.5,128.2,138.4,155.0,196.2,264.1,382.1,747.6
"2017","March",100.9,109.8,120.5,128.2,138.4,155.0,196.2,264.1,382.1,747.6
"2017","April",101.2,110.1,120.8,128.6,138.8,155.4,196.8,264.9,383.3,749.9
"2017","May",101.1,110.0,120.6,128.4,138.6,155.2,196.5,264.5,382.7,748.7
"2017","June",101.1,110.0,120.7,128.5,138.7,155.3,196.7,264.7,383.0,749.3
"2017","July",100.9,109.7,120.4,128.1,138.3,154.9,196.1,264.0,381.9,747.1
"2017","August",101.1,110.0,120.7,128.4,138.6,155.3,196.6,264.6,382.8,749.0
"2017","September",101.3,110.2,120.9,128.7,138.9,155.6,197.0,265.2,383.6,750.6
"2017","October",101.3,110.2,120.9,128.7,138.9,155.6,197.0,265.1,383.6,750.5
"2017","November",101.6,110.5,121.2,129.0,139.2,155.9,197.5,265.8,384.5,752.3
"2017","December",101.5,110.4,121.2,128.9,139.2,155.9,197.4,265.7,384.4,752.0
"2017","Annual average",101.1,110.0,120.7,128.4,138.6,155.3,196.6,264.6,382.8,749.0
"2016","January",99.6,108.3,118.9,126.5,136.5,152.9,193.6,260.6,377.0,737.6
"2016","February",99.7,108.5,119.0,126.6,136.7,153.1,193.9,261.0,377.5,738.6
"2016","March",100.1,108.9,119.5,127.1,137.2,153.7,194.6,261.9,378.9,741.4
"2016","April",100.4,109.2,119.8,127.5,137.6,154.1,195.2,262.7,380.1,743.6
"2016","May",100.3,109.2,119.8,127.4,137.6,154.1,195.1,262.6,379.9,743.3
"2016","June",100.4,109.2,119.8,127.5,137.7,154.2,195.2,262.8,380.1,743.7
"2016","July",100.3,109.1,119.8,127.4,137.5,154.0,195.1,262.6,379.8,743.2
"2016","August",100.4,109.2,119.8,127.5,137.6,154.1,195.1,262.7,380.0,743.5
"2016","September",100.5,109.4,120.0,127.7,137.9,154.4,195.5,263.1,380.7,744.8
"2016","October",100.8,109.6,120.3,128.0,138.1,154.7,195.9,263.7,381.5,746.4
"2016","November",100.8,109.6,120.3,128.0,138.2,154.7,195.9,263.8,381.6,746.6
"2016","December",101.0,109.9,120.6,128.3,138.5,155.1,196.4,264.4,382.5,748.4
"2016","Annual average",100.4,109.2,119.8,127.5,137.6,154.1,195.1,262.7,380.0,743.4
"2015","January",99.5,108.3,118.8,126.4,136.5,152.9,193.5,260.5,376.9,737.4
"2015","February",99.8,108.6,119.1,126.7,136.8,153.2,194.0,261.2,377.9,739.3
"2015","March",100.1,108.9,119.5,127.2,137.3,153.7,194.7,262.0,379.1,741.7
"2015","April",100.1,108.9,119.5,127.2,137.3,153.7,194.7,262.0,379.1,741.7
"2015","May",100.0,108.8,119.4,127.1,137.2,153.6,194.5,261.8,378.8,741.1
"2015","June",100.0,108.8,119.4,127.0,137.2,153.6,194.5,261.8,378.8,741.1
"2015","July",99.8,108.6,119.1,126.8,136.9,153.3,194.1,261.2,377.9,739.4
"2015","August",100.0,108.8,119.4,127.0,137.1,153.5,194.4,261.7,378.6,740.8
"2015","September",100.1,108.9,119.5,127.2,137.3,153.8,194.7,262.1,379.1,741.8
"2015","October",100.3,109.1,119.7,127.4,137.5,154.0,195.0,262.5,379.7,743.0
"2015","November",100.1,108.9,119.5,127.2,137.3,153.7,194.7,262.0,379.1,741.7
"2015","December",100.0,108.8,119.4,127.0,137.1,153.5,194.4,261.7,378.6,740.8
"2015","Annual average",100.0,108.8,119.4,127.0,137.1,153.5,194.4,261.7,378.6,740.8
"2014","January",.,108.5,119.0,126.6,136.7,153.1,193.8,260.9,377.5,738.5
"2014","February",.,108.7,119.3,126.9,137.0,153.5,194.3,261.6,378.4,740.4
"2014","March",.,109.0,119.6,127.2,137.4,153.8,194.8,262.2,379.3,742.1
"2014","April",.,109.1,119.8,127.4,137.6,154.1,195.1,262.6,379.9,743.2
"2014","May",.,108.9,119.5,127.1,137.2,153.7,194.6,261.9,378.9,741.4
"2014","June",.,109.0,119.5,127.2,137.3,153.8,194.7,262.1,379.2,741.9
"2014","July",.,108.8,119.4,127.1,137.2,153.6,194.5,261.8,378.8,741.1
"2014","August",.,109.0,119.6,127.2,137.4,153.8,194.8,262.2,379.3,742.2
"2014","September",.,109.6,120.2,127.9,138.1,154.7,195.8,263.6,381.4,746.2
"2014","October",.,109.4,120.0,127.7,137.9,154.4,195.5,263.2,380.7,744.9
"2014","November",.,109.2,119.8,127.5,137.6,154.1,195.1,262.7,380.0,743.5
"2014","December",.,109.0,119.6,127.3,137.4,153.9,194.9,262.3,379.5,742.5
"2014","Annual average",.,109.0,119.6,127.3,137.4,153.9,194.8,262.3,379.4,742.3
"2013","January",.,106.7,117.1,124.6,134.5,150.6,190.7,256.8,371.4,726.8
"2013","February",.,107.4,117.8,125.3,135.3,151.5,191.9,258.3,373.6,731.0
"2013","March",.,107.8,118.3,125.9,135.9,152.2,192.7,259.5,375.3,734.3
"2013","April",.,108.0,118.5,126.1,136.1,152.4,193.0,259.8,375.9,735.4
"2013","May",.,108.0,118.5,126.1,136.1,152.5,193.1,259.9,375.9,735.6
"2013","June",.,108.0,118.5,126.0,136.1,152.4,192.9,259.7,375.7,735.1
"2013","July",.,107.9,118.4,126.0,136.0,152.3,192.9,259.7,375.6,735.0
"2013","August",.,107.8,118.2,125.8,135.8,152.1,192.6,259.3,375.1,733.8
"2013","September",.,108.1,118.7,126.2,136.3,152.6,193.3,260.2,376.4,736.4
"2013","October",.,108.3,118.8,126.4,136.5,152.9,193.5,260.5,376.9,737.4
"2013","November",.,108.1,118.6,126.2,136.3,152.6,193.3,260.1,376.3,736.3
"2013","December",.,108.5,119.1,126.7,136.8,153.2,194.0,261.1,377.7,739.0
"2013","Annual average",.,107.9,118.4,125.9,136.0,152.3,192.8,259.6,375.5,734.7
"2012","January",.,105.0,115.2,122.6,132.4,148.2,187.7,252.7,365.5,715.1
"2012","February",.,105.6,115.9,123.3,133.1,149.0,188.7,254.0,367.5,719.0
"2012","March",.,106.0,116.3,123.7,133.6,149.6,189.4,255.0,368.9,721.8
"2012","April",.,106.4,116.7,124.2,134.0,150.1,190.1,255.9,370.2,724.3
"2012","May",.,106.4,116.7,124.2,134.1,150.1,190.1,255.9,370.2,724.3
"2012","June",.,106.4,116.8,124.3,134.1,150.2,190.2,256.1,370.5,724.8
"2012","July",.,106.2,116.6,124.0,133.9,150.1,189.9,255.6,369.8,723.5
"2012","August",.,106.4,116.8,124.3,134.2,150.2,190.2,256.1,370.5,724.8
"2012","September",.,106.9,117.3,124.8,134.7,150.8,191.0,257.1,371.9,727.7
"2012","October",.,107.0,117.4,124.9,134.9,151.1,191.3,257.5,372.5,728.7
"2012","November",.,106.7,117.0,124.5,134.4,150.6,190.7,256.6,371.3,726.4
"2012","December",.,106.8,117.2,124.7,134.6,150.8,190.9,257.0,371.7,727.3
"2012","Annual average",.,106.3,116.7,124.1,134.0,150.1,190.0,255.8,370.0,724.0
"2011","January",.,101.8,111.7,118.8,128.3,143.7,181.9,244.9,354.2,693.0
"2011","February",.,102.4,112.4,119.5,129.1,144.5,183.0,246.4,356.4,697.3
"2011","March",.,103.0,113.0,120.2,129.8,145.3,184.0,247.7,358.3,701.1
"2011","April",.,103.2,113.2,120.4,130.0,145.6,184.4,248.2,359.0,702.5
"2011","May",.,103.2,113.2,120.5,130.1,145.7,184.5,248.3,359.2,702.8
"2011","June",.,103.5,113.6,120.8,130.5,146.1,185.0,249.0,360.3,704.9
"2011","July",.,103.2,113.3,120.5,130.1,145.7,184.5,248.3,359.2,702.9
"2011","August",.,103.6,113.7,121.0,130.6,146.3,185.2,249.3,360.7,705.6
"2011","September",.,104.1,114.2,121.5,131.1,146.9,186.0,250.3,362.1,708.5
"2011","October",.,104.3,114.5,121.8,131.5,147.2,186.4,251.0,363.0,710.3
"2011","November",.,104.4,114.5,121.9,131.6,147.3,186.6,251.1,363.3,710.8
"2011","December",.,104.4,114.5,121.8,131.5,147.3,186.5,251.1,363.2,710.6
"2011","Annual average",.,103.4,113.5,120.7,130.3,146.0,184.8,248.8,359.9,704.2
"2010","January",.,98.8,108.3,115.2,124.4,139.3,176.3,237.4,343.4,671.9
"2010","February",.,99.1,108.7,115.7,124.8,139.8,177.0,238.3,344.8,674.5
"2010","March",.,99.7,109.2,116.2,125.5,140.5,177.9,239.6,346.5,678.0
"2010","April",.,100.0,109.5,116.6,125.8,140.9,178.4,240.2,347.5,679.8
"2010","May",.,99.9,109.4,116.5,125.7,140.8,178.3,240.0,347.2,679.2
"2010","June",.,100.0,109.7,116.7,126.0,141.1,178.6,240.5,347.9,680.7
"2010","July",.,99.3,109.1,116.1,125.3,140.4,177.7,239.3,346.1,677.1
"2010","August",.,99.8,109.6,116.6,125.9,141.0,178.5,240.3,347.6,680.0
"2010","September",.,100.3,110.0,117.1,126.4,141.5,179.2,241.3,349.0,682.8
"2010","October",.,100.7,110.5,117.5,126.9,142.1,179.9,242.2,350.4,685.5
"2010","November",.,101.0,110.7,117.8,127.2,142.4,180.4,242.8,351.2,687.2
"2010","December",.,101.4,111.3,118.4,127.8,143.1,181.2,244.0,352.9,690.5
"2010","Annual average",.,100.0,109.7,116.7,126.0,141.1,178.6,240.5,347.9,680.6
"2009","January",.,.,108.5,115.4,124.6,139.5,176.7,237.8,344.0,673.1
"2009","February",.,.,108.6,115.5,124.7,139.6,176.8,238.0,344.3,673.6
"2009","March",.,.,108.6,115.6,124.8,139.7,176.9,238.2,344.6,674.1
"2009","April",.,.,108.6,115.6,124.8,139.7,176.9,238.2,344.5,674.0
"2009","May",.,.,108.4,115.4,124.5,139.5,176.6,237.7,343.9,672.8
"2009","June",.,.,108.7,115.6,124.8,139.8,177.0,238.3,344.7,674.4
"2009","July",.,.,108.0,114.9,124.0,138.9,175.9,236.7,342.5,670.0
"2009","August",.,.,108.3,115.2,124.4,139.3,176.4,237.5,343.6,672.2
"2009","September",.,.,108.5,115.5,124.6,139.6,176.7,237.9,344.2,673.3
"2009","October",.,.,107.9,114.8,124.0,138.8,175.8,236.6,342.3,669.7
"2009","November",.,.,108.0,115.0,124.1,139.0,176.0,236.9,342.7,670.4
"2009","December",.,.,108.1,115.1,124.2,139.1,176.1,237.1,343.0,671.0
"2009","Annual average",.,.,108.3,115.3,124.5,139.4,176.5,237.6,343.7,672.4
"2008","January",.,.,106.2,113.0,121.9,136.6,172.9,232.8,336.7,658.8
"2008","February",.,.,106.7,113.5,122.6,137.2,173.8,233.9,338.4,662.1
"2008","March",.,.,107.6,114.5,123.6,138.5,175.3,236.0,341.4,668.0
"2008","April",.,.,107.8,114.7,123.8,138.7,175.6,236.4,341.9,669.0
"2008","May",.,.,108.4,115.3,124.5,139.4,176.5,237.6,343.7,672.5
"2008","June",.,.,108.8,115.7,124.9,139.9,177.2,238.5,345.0,675.0
"2008","July",.,.,108.6,115.6,124.7,139.7,176.9,238.1,344.5,674.0
"2008","August",.,.,109.1,116.1,125.3,140.3,177.7,239.2,346.0,676.9
"2008","September",.,.,109.6,116.6,125.9,141.0,178.6,240.4,347.7,680.3
"2008","October",.,.,109.6,116.6,125.9,141.0,178.5,240.3,347.6,680.2
"2008","November",.,.,109.1,116.0,125.3,140.3,177.6,239.1,345.9,676.8
"2008","December",.,.,108.7,115.7,124.9,139.9,177.1,238.4,344.9,674.7
"2008","Annual average",.,.,108.3,115.3,124.4,139.4,176.5,237.6,343.6,672.3
"2007","January",.,.,102.2,108.8,117.4,131.5,166.5,224.1,324.2,634.4
"2007","February",.,.,102.9,109.5,118.2,132.3,167.5,225.5,326.3,638.3
"2007","March",.,.,103.6,110.3,119.1,133.3,168.8,227.3,328.7,643.2
"2007","April",.,.,104.1,110.8,119.6,134.0,169.6,228.3,330.3,646.3
"2007","May",.,.,104.0,110.7,119.5,133.8,169.4,228.1,330.0,645.6
"2007","June",.,.,104.2,110.9,119.7,134.0,169.7,228.4,330.5,646.5
"2007","July",.,.,104.1,110.7,119.5,133.9,169.5,228.2,330.1,645.8
"2007","August",.,.,104.2,110.9,119.7,134.1,169.8,228.5,330.6,646.8
"2007","September",.,.,104.7,111.4,120.3,134.7,170.5,229.6,332.1,649.7
"2007","October",.,.,105.0,111.7,120.6,135.1,171.0,230.3,333.1,651.7
"2007","November",.,.,105.3,112.0,120.9,135.4,171.4,230.8,333.8,653.2
"2007","December",.,.,105.1,111.8,120.7,135.2,171.1,230.4,333.3,652.1
"2007","Annual average",.,.,104.1,110.8,119.6,133.9,169.6,228.3,330.2,646.1
"2006","January",.,.,99.9,106.3,114.7,128.5,162.7,219.0,316.8,619.8
"2006","February",.,.,100.7,107.1,115.7,129.5,164.0,220.8,319.4,624.8
"2006","March",.,.,101.0,107.5,116.0,129.9,164.5,221.4,320.3,626.7
"2006","April",.,.,101.5,108.0,116.6,130.6,165.4,222.6,322.0,630.0
"2006","May",.,.,101.6,108.2,116.8,130.8,165.6,222.9,322.4,630.8
"2006","June",.,.,101.7,108.3,116.9,130.9,165.7,223.1,322.7,631.4
"2006","July",.,.,101.5,108.0,116.6,130.5,165.3,222.5,321.9,629.7
"2006","August",.,.,101.9,108.4,117.0,131.0,165.9,223.3,323.1,632.1
"2006","September",.,.,102.0,108.5,117.2,131.2,166.1,223.7,323.5,633.0
"2006","October",.,.,102.3,108.8,117.5,131.6,166.6,224.2,324.4,634.7
"2006","November",.,.,102.3,108.9,117.5,131.6,166.7,224.4,324.6,635.0
"2006","December",.,.,102.4,109.0,117.7,131.8,166.8,224.6,324.9,635.7
"2006","Annual average",.,.,101.6,108.1,116.7,130.7,165.4,222.7,322.2,630.3
"2005","January",.,.,99.1,105.0,113.4,126.9,160.7,216.4,313.0,612.4
"2005","February",.,.,99.8,105.6,114.0,127.7,161.7,217.7,314.9,616.1
"2005","March",.,.,100.1,106.0,114.5,128.2,162.3,218.5,316.1,618.4
"2005","April",.,.,100.2,106.3,114.8,128.5,162.7,219.1,316.9,620.0
"2005","May",.,.,99.9,106.0,114.5,128.2,162.3,218.5,316.0,618.3
"2005","June",.,.,100.0,106.3,114.8,128.5,162.7,219.1,316.9,620.0
"2005","July",.,.,99.6,106.0,114.4,128.2,162.3,218.5,316.0,618.3
"2005","August",.,.,100.0,106.3,114.8,128.5,162.7,219.1,316.9,620.0
"2005","September",.,.,100.5,106.9,115.4,129.2,163.6,220.3,318.6,623.4
"2005","October",.,.,100.4,106.8,115.3,129.1,163.5,220.1,318.4,623.0
"2005","November",.,.,100.2,106.5,115.0,128.8,163.0,219.5,317.5,621.1
"2005","December",.,.,100.2,106.6,115.1,128.9,163.2,219.7,317.8,621.8
"2005","Annual average",.,.,100.0,106.2,114.7,128.4,162.6,218.9,316.6,619.4
"2004","January",.,.,.,104.8,113.1,126.7,160.4,216.0,312.4,611.2
"2004","February",.,.,.,105.4,113.8,127.4,161.3,217.2,314.2,614.7
"2004","March",.,.,.,105.0,113.4,127.0,160.8,216.4,313.1,612.6
"2004","April",.,.,.,105.1,113.4,127.0,160.8,216.5,313.2,612.7
"2004","May",.,.,.,105.2,113.6,127.2,161.0,216.8,313.6,613.6
"2004","June",.,.,.,105.1,113.5,127.1,160.9,216.6,313.4,613.1
"2004","July",.,.,.,105.0,113.3,126.9,160.7,216.3,312.9,612.3
"2004","August",.,.,.,105.3,113.6,127.3,161.1,216.9,313.7,613.8
"2004","September",.,.,.,105.7,114.1,127.7,161.7,217.7,315.0,616.2
"2004","October",.,.,.,106.0,114.4,128.2,162.3,218.4,316.0,618.2
"2004","November",.,.,.,105.5,113.9,127.6,161.5,217.5,314.6,615.5
"2004","December",.,.,.,105.5,113.9,127.6,161.6,217.5,314.6,615.5
"2004","Annual average",.,.,.,105.3,113.7,127.3,161.2,217.0,313.9,614.1
"2003","January",.,.,.,104.6,112.9,126.5,160.1,215.5,311.8,610.0
"2003","February",.,.,.,105.3,113.7,127.3,161.2,217.0,313.8,614.0
"2003","March",.,.,.,105.6,114.0,127.6,161.6,217.6,314.7,615.7
"2003","April",.,.,.,105.4,113.8,127.5,161.4,217.3,314.3,615.0
"2003","May",.,.,.,105.3,113.7,127.3,161.2,217.0,313.9,614.2
"2003","June",.,.,.,105.2,113.6,127.2,161.0,216.8,313.6,613.5
"2003","July",.,.,.,104.6,113.0,126.5,160.2,215.6,311.9,610.3
"2003","August",.,.,.,104.8,113.1,126.7,160.4,215.9,312.3,611.1
"2003","September",.,.,.,105.2,113.6,127.2,161.1,216.8,313.6,613.6
"2003","October",.,.,.,105.1,113.5,127.1,160.9,216.6,313.3,613.0
"2003","November",.,.,.,105.0,113.4,126.9,160.7,216.4,313.0,612.4
"2003","December",.,.,.,105.1,113.5,127.1,160.9,216.6,313.3,612.9
"2003","Annual average",.,.,.,105.1,113.5,127.1,160.9,216.6,313.3,613.0
"2002","January",.,.,.,103.2,111.4,124.8,158.0,212.6,307.6,601.8
"2002","February",.,.,.,103.4,111.6,125.0,158.2,213.0,308.1,602.8
"2002","March",.,.,.,103.9,112.2,125.6,159.0,214.1,309.7,606.0
"2002","April",.,.,.,104.3,112.6,126.1,159.7,215.0,311.0,608.5
"2002","May",.,.,.,104.6,112.9,126.4,160.1,215.5,311.7,609.8
"2002","June",.,.,.,104.3,112.6,126.2,159.7,215.0,311.0,608.5
"2002","July",.,.,.,104.2,112.4,125.9,159.4,214.6,310.5,607.4
"2002","August",.,.,.,104.2,112.4,125.9,159.4,214.6,310.5,607.4
"2002","September",.,.,.,104.5,112.9,126.4,160.0,215.4,311.6,609.6
"2002","October",.,.,.,104.8,113.1,126.7,160.4,216.0,312.4,611.2
"2002","November",.,.,.,104.5,112.8,126.3,159.9,215.3,311.4,609.3
"2002","December",.,.,.,104.5,112.8,126.3,159.9,215.3,311.4,609.2
"2002","Annual average",.,.,.,104.2,112.5,126.0,159.5,214.7,310.6,607.6
"2001","January",.,.,.,100.9,108.9,122.0,154.4,207.9,300.7,588.4
"2001","February",.,.,.,101.5,109.5,122.7,155.3,209.1,302.4,591.7
"2001","March",.,.,.,102.1,110.0,123.2,156.0,210.0,303.7,594.2
"2001","April",.,.,.,102.5,110.5,123.7,156.7,210.9,305.1,596.9
"2001","May",.,.,.,103.2,111.4,124.7,157.9,212.6,307.6,601.8
"2001","June",.,.,.,103.2,111.5,124.9,158.1,212.8,307.9,602.3
"2001","July",.,.,.,102.4,111.0,124.3,157.3,211.8,306.4,599.5
"2001","August",.,.,.,102.8,111.1,124.4,157.5,212.1,306.8,600.2
"2001","September",.,.,.,103.5,111.7,125.1,158.4,213.2,308.4,603.4
"2001","October",.,.,.,103.3,111.5,124.8,158.1,212.8,307.8,602.2
"2001","November",.,.,.,102.8,111.0,124.3,157.4,211.9,306.5,599.8
"2001","December",.,.,.,102.8,110.9,124.2,157.3,211.8,306.3,599.3
"2001","Annual average",.,.,.,102.6,110.8,124.0,157.0,211.4,305.8,598.3
"2000","January",.,.,.,98.0,105.5,118.1,149.5,201.3,291.2,569.8
"2000","February",.,.,.,98.8,106.2,118.9,150.6,202.7,293.2,573.7
"2000","March",.,.,.,99.3,106.9,119.7,151.5,204.0,295.1,577.4
"2000","April",.,.,.,99.6,107.2,120.1,152.1,204.7,296.1,579.3
"2000","May",.,.,.,99.9,107.7,120.7,152.8,205.7,297.5,582.0
"2000","June",.,.,.,100.1,108.2,121.2,153.5,206.6,298.8,584.7
"2000","July",.,.,.,99.8,108.3,121.3,153.5,206.7,299.0,585.0
"2000","August",.,.,.,100.2,108.5,121.5,153.8,207.0,299.5,585.9
"2000","September",.,.,.,101.1,109.3,122.4,154.9,208.6,301.7,590.3
"2000","October",.,.,.,101.1,109.4,122.5,155.1,208.8,302.0,590.9
"2000","November",.,.,.,101.1,109.3,122.4,155.0,208.7,301.9,590.6
"2000","December",.,.,.,101.0,109.1,122.2,154.8,208.3,301.4,589.6
"2000","Annual average",.,.,.,100.0,108.0,120.9,153.1,206.1,298.1,583.3
"1999","January",.,.,.,.,103.2,115.5,146.3,196.9,284.8,557.3
"1999","February",.,.,.,.,103.4,115.8,146.6,197.4,285.5,558.6
"1999","March",.,.,.,.,103.7,116.1,147.0,197.9,286.2,560.0
"1999","April",.,.,.,.,104.4,116.9,148.1,199.3,288.3,564.1
"1999","May",.,.,.,.,104.7,117.2,148.4,199.8,289.0,565.5
"1999","June",.,.,.,.,104.6,117.2,148.3,199.7,288.9,565.2
"1999","July",.,.,.,.,104.4,117.0,148.1,199.4,288.4,564.2
"1999","August",.,.,.,.,104.5,117.0,148.2,199.5,288.6,564.6
"1999","September",.,.,.,.,104.9,117.4,148.7,200.2,289.5,566.5
"1999","October",.,.,.,.,105.1,117.7,149.0,200.6,290.1,567.7
"1999","November",.,.,.,.,105.1,117.7,149.0,200.6,290.1,567.6
"1999","December",.,.,.,.,105.5,118.1,149.6,201.3,291.3,569.8
"1999","Annual average",.,.,.,.,104.4,117.0,148.1,199.4,288.4,564.3
"1998","January",.,.,.,.,102.7,115.0,145.5,195.9,283.4,554.5
"1998","February",.,.,.,.,102.6,114.9,145.5,195.9,283.4,554.5
"1998","March",.,.,.,.,102.9,115.2,145.8,196.3,284.0,555.6
"1998","April",.,.,.,.,103.3,115.7,146.5,197.2,285.3,558.2
"1998","May",.,.,.,.,103.3,115.7,146.4,197.1,285.1,557.9
"1998","June",.,.,.,.,103.5,115.9,146.7,197.5,285.7,559.0
"1998","July",.,.,.,.,103.2,115.6,146.4,197.0,285.0,557.6
"1998","August",.,.,.,.,103.4,115.8,146.6,197.3,285.4,558.4
"1998","September",.,.,.,.,103.7,116.1,147.0,197.9,286.3,560.1
"1998","October",.,.,.,.,103.7,116.1,147.0,197.9,286.3,560.2
"1998","November",.,.,.,.,103.4,115.8,146.7,197.4,285.6,558.8
"1998","December",.,.,.,.,103.4,115.8,146.6,197.3,285.5,558.5
"1998","Annual average",.,.,.,.,103.2,115.6,146.4,197.1,285.1,557.8
"1997","January",.,.,.,.,100.7,112.6,142.6,192.0,277.7,543.3
"1997","February",.,.,.,.,100.8,112.8,142.8,192.2,278.1,544.0
"1997","March",.,.,.,.,101.0,113.2,143.3,192.9,279.1,546.0
"1997","April",.,.,.,.,101.5,113.8,144.0,193.9,280.5,548.8
"1997","May",.,.,.,.,101.8,114.0,144.3,194.3,281.1,549.9
"1997","June",.,.,.,.,101.9,114.2,144.6,194.7,281.6,550.9
"1997","July",.,.,.,.,102.1,114.2,144.6,194.6,281.5,550.8
"1997","August",.,.,.,.,102.2,114.4,144.8,195.0,282.0,551.8
"1997","September",.,.,.,.,102.3,114.6,145.1,195.4,282.6,553.0
"1997","October",.,.,.,.,102.6,114.9,145.5,195.9,283.3,554.4
"1997","November",.,.,.,.,102.5,114.8,145.4,195.7,283.1,553.8
"1997","December",.,.,.,.,102.5,114.8,145.4,195.7,283.1,553.9
"1997","Annual average",.,.,.,.,101.8,114.0,144.4,194.3,281.1,550.0
"1996","January",.,.,.,.,100.0,112.0,141.8,190.8,276.1,540.1
"1996","February",.,.,.,.,100.4,112.4,142.3,191.5,277.0,542.0
"1996","March",.,.,.,.,100.5,112.5,142.4,191.7,277.3,542.5
"1996","April",.,.,.,.,100.6,112.7,142.6,192.0,277.8,543.5
"1996","May",.,.,.,.,100.9,112.9,142.9,192.4,278.3,544.5
"1996","June",.,.,.,.,100.8,112.9,142.9,192.4,278.3,544.4
"1996","July",.,.,.,.,100.9,112.8,142.8,192.2,278.1,544.1
"1996","August",.,.,.,.,100.6,112.6,142.5,191.8,277.5,542.9
"1996","September",.,.,.,.,100.7,112.8,142.8,192.2,278.0,544.0
"1996","October",.,.,.,.,100.9,113.0,143.1,192.6,278.6,545.1
"1996","November",.,.,.,.,100.6,112.7,142.6,192.0,277.8,543.4
"1996","December",.,.,.,.,100.6,112.7,142.7,192.1,277.9,543.7
"1996","Annual average",.,.,.,.,100.6,112.6,142.6,192.0,277.7,543.4
"1995","January",.,.,.,.,99.7,111.4,141.1,189.9,274.7,537.4
"1995","February",.,.,.,.,99.9,111.8,141.5,190.5,275.6,539.2
"1995","March",.,.,.,.,99.9,111.8,141.6,190.6,275.7,539.5
"1995","April",.,.,.,.,99.9,111.9,141.7,190.7,275.9,539.8
"1995","May",.,.,.,.,100.1,112.0,141.9,191.0,276.2,540.5
"1995","June",.,.,.,.,100.4,112.4,142.3,191.5,277.0,542.0
"1995","July",.,.,.,.,100.4,112.3,142.1,191.3,276.8,541.5
"1995","August",.,.,.,.,100.1,112.1,141.9,191.1,276.4,540.7
"1995","September",.,.,.,.,100.1,112.2,142.1,191.3,276.7,541.3
"1995","October",.,.,.,.,100.1,112.2,142.1,191.3,276.7,541.3
"1995","November",.,.,.,.,99.8,111.9,141.7,190.7,275.9,539.8
"1995","December",.,.,.,.,99.7,111.8,141.5,190.5,275.6,539.2
"1995","Annual average",.,.,.,.,100.0,112.0,141.8,190.9,276.1,540.2
"1994","January",.,.,.,.,.,109.4,138.5,186.4,269.7,527.6
"1994","February",.,.,.,.,.,109.8,139.0,187.1,270.7,529.6
"1994","March",.,.,.,.,.,110.0,139.3,187.5,271.2,530.7
"1994","April",.,.,.,.,.,110.2,139.6,187.9,271.8,531.8
"1994","May",.,.,.,.,.,110.3,139.6,187.9,271.8,531.8
"1994","June",.,.,.,.,.,111.3,141.0,189.8,274.5,537.1
"1994","July",.,.,.,.,.,111.4,141.0,189.9,274.6,537.3
"1994","August",.,.,.,.,.,111.6,141.3,190.2,275.1,538.2
"1994","September",.,.,.,.,.,111.8,141.6,190.6,275.7,539.5
"1994","October",.,.,.,.,.,111.9,141.7,190.8,276.0,539.9
"1994","November",.,.,.,.,.,111.6,141.3,190.2,275.2,538.3
"1994","December",.,.,.,.,.,111.5,141.1,190.0,274.8,537.6
"1994","Annual average",.,.,.,.,.,110.9,140.4,189.0,273.4,535.0
"1993","January",.,.,.,.,.,109.1,138.2,186.0,269.0,526.4
"1993","February",.,.,.,.,.,109.5,138.6,186.6,269.9,528.1
"1993","March",.,.,.,.,.,109.6,138.8,186.8,270.3,528.8
"1993","April",.,.,.,.,.,110.0,139.3,187.5,271.3,530.7
"1993","May",.,.,.,.,.,110.1,139.4,187.6,271.4,531.0
"1993","June",.,.,.,.,.,109.9,139.2,187.4,271.0,530.3
"1993","July",.,.,.,.,.,109.7,138.8,186.9,270.4,528.9
"1993","August",.,.,.,.,.,109.5,138.7,186.7,270.0,528.3
"1993","September",.,.,.,.,.,109.7,139.0,187.0,270.6,529.4
"1993","October",.,.,.,.,.,109.9,139.1,187.3,270.9,530.1
"1993","November",.,.,.,.,.,109.7,138.9,187.0,270.6,529.3
"1993","December",.,.,.,.,.,109.7,138.8,186.9,270.4,529.0
"1993","Annual average",.,.,.,.,.,109.7,138.9,187.0,270.5,529.2
"1992","January",.,.,.,.,.,106.1,134.7,181.3,262.2,513.1
"1992","February",.,.,.,.,.,106.4,135.0,181.7,262.9,514.3
"1992","March",.,.,.,.,.,106.7,135.4,182.2,263.6,515.7
"1992","April",.,.,.,.,.,107.2,135.9,183.0,264.7,517.8
"1992","May",.,.,.,.,.,107.3,136.0,183.1,264.9,518.2
"1992","June",.,.,.,.,.,107.7,136.3,183.4,265.4,519.2
"1992","July",.,.,.,.,.,107.4,136.1,183.2,265.0,518.4
"1992","August",.,.,.,.,.,107.2,135.9,183.0,264.7,517.9
"1992","September",.,.,.,.,.,107.9,136.4,183.7,265.7,519.8
"1992","October",.,.,.,.,.,108.2,136.9,184.3,266.6,521.6
"1992","November",.,.,.,.,.,108.3,137.1,184.6,267.0,522.4
"1992","December",.,.,.,.,.,108.0,136.8,184.1,266.3,521.0
"1992","Annual average",.,.,.,.,.,107.4,136.0,183.1,264.9,518.3
"1991","January",.,.,.,.,.,102.9,130.9,176.3,255.0,498.8
"1991","February",.,.,.,.,.,103.4,131.6,177.1,256.2,501.3
"1991","March",.,.,.,.,.,103.6,131.7,177.3,256.5,501.8
"1991","April",.,.,.,.,.,104.1,132.2,178.0,257.5,503.7
"1991","May",.,.,.,.,.,104.5,132.8,178.8,258.6,506.0
"1991","June",.,.,.,.,.,104.5,132.7,178.7,258.4,505.6
"1991","July",.,.,.,.,.,104.3,132.7,178.6,258.4,505.5
"1991","August",.,.,.,.,.,104.3,132.8,178.8,258.6,505.9
"1991","September",.,.,.,.,.,104.6,133.0,179.0,259.0,506.7
"1991","October",.,.,.,.,.,104.9,133.3,179.4,259.6,507.8
"1991","November",.,.,.,.,.,105.0,133.4,179.5,259.7,508.1
"1991","December",.,.,.,.,.,105.6,134.0,180.4,260.9,510.5
"1991","Annual average",.,.,.,.,.,104.3,132.6,178.5,258.2,505.2
"1990","January",.,.,.,.,.,97.9,124.8,168.0,243.0,475.4
"1990","February",.,.,.,.,.,98.4,125.3,168.7,244.0,477.3
"1990","March",.,.,.,.,.,98.7,125.7,169.2,244.7,478.7
"1990","April",.,.,.,.,.,99.3,126.4,170.2,246.1,481.6
"1990","May",.,.,.,.,.,99.6,127.0,170.9,247.2,483.7
"1990","June",.,.,.,.,.,100.0,127.3,171.4,248.0,485.1
"1990","July",.,.,.,.,.,100.0,127.5,171.7,248.3,485.9
"1990","August",.,.,.,.,.,100.5,128.1,172.5,249.5,488.1
"1990","September",.,.,.,.,.,101.2,128.8,173.4,250.8,490.6
"1990","October",.,.,.,.,.,101.5,129.2,173.9,251.5,492.0
"1990","November",.,.,.,.,.,101.5,129.1,173.8,251.5,492.0
"1990","December",.,.,.,.,.,101.4,129.0,173.6,251.1,491.3
"1990","Annual average",.,.,.,.,.,100.0,127.3,171.4,248.0,485.1
"1989","January",.,.,.,.,.,.,116.0,156.2,226.0,442.1
"1989","February",.,.,.,.,.,.,116.6,157.0,227.1,444.3
"1989","March",.,.,.,.,.,.,117.9,158.8,229.7,449.3
"1989","April",.,.,.,.,.,.,119.1,160.3,231.8,453.6
"1989","May",.,.,.,.,.,.,119.5,160.9,232.7,455.4
"1989","June",.,.,.,.,.,.,120.6,162.3,234.8,459.4
"1989","July",.,.,.,.,.,.,120.4,162.2,234.6,458.9
"1989","August",.,.,.,.,.,.,120.6,162.4,234.9,459.5
"1989","September",.,.,.,.,.,.,121.9,164.1,237.4,464.5
"1989","October",.,.,.,.,.,.,122.4,164.7,238.3,466.2
"1989","November",.,.,.,.,.,.,122.3,164.6,238.1,465.9
"1989","December",.,.,.,.,.,.,123.0,165.5,239.4,468.4
"1989","Annual average",.,.,.,.,.,.,120.0,161.6,233.7,457.3
"1988","January",.,.,.,.,.,.,109.7,147.7,213.6,417.9
"1988","February",.,.,.,.,.,.,110.0,148.1,214.3,419.2
"1988","March",.,.,.,.,.,.,110.6,148.9,215.4,421.4
"1988","April",.,.,.,.,.,.,111.4,150.0,217.0,424.4
"1988","May",.,.,.,.,.,.,112.3,151.2,218.7,427.8
"1988","June",.,.,.,.,.,.,112.9,152.0,219.9,430.3
"1988","July",.,.,.,.,.,.,112.9,151.9,219.8,429.9
"1988","August",.,.,.,.,.,.,113.1,152.3,220.2,430.9
"1988","September",.,.,.,.,.,.,114.2,153.7,222.3,434.9
"1988","October",.,.,.,.,.,.,114.3,153.8,222.5,435.4
"1988","November",.,.,.,.,.,.,114.5,154.2,223.0,436.4
"1988","December",.,.,.,.,.,.,115.4,155.4,224.8,439.8
"1988","Annual average",.,.,.,.,.,.,112.6,151.6,219.3,429.0
"1987","January",.,.,.,.,.,.,105.3,142.2,205.7,402.4
"1987","February",.,.,.,.,.,.,105.7,142.7,206.4,403.8
"1987","March",.,.,.,.,.,.,106.3,143.4,207.4,405.9
"1987","April",.,.,.,.,.,.,106.8,144.0,208.3,407.5
"1987","May",.,.,.,.,.,.,106.9,144.3,208.6,408.2
"1987","June",.,.,.,.,.,.,107.3,144.6,209.2,409.3
"1987","July",.,.,.,.,.,.,107.2,144.7,209.2,409.4
"1987","August",.,.,.,.,.,.,107.5,145.0,209.7,410.3
"1987","September",.,.,.,.,.,.,108.1,145.6,210.6,412.1
"1987","October",.,.,.,.,.,.,108.3,145.9,210.9,412.7
"1987","November",.,.,.,.,.,.,108.1,145.9,210.9,412.7
"1987","December",.,.,.,.,.,.,108.4,145.9,211.1,413.0
"1987","Annual average",.,.,.,.,.,.,107.1,144.5,209.0,409.0
"1986","January",.,.,.,.,.,.,101.7,137.2,198.4,388.1
"1986","February",.,.,.,.,.,.,102.1,137.8,199.3,390.0
"1986","March",.,.,.,.,.,.,102.1,138.1,199.7,390.8
"1986","April",.,.,.,.,.,.,102.5,138.6,200.4,392.3
"1986","May",.,.,.,.,.,.,102.3,139.1,201.2,393.6
"1986","June",.,.,.,.,.,.,102.9,139.8,202.2,395.5
"1986","July",.,.,.,.,.,.,102.9,139.9,202.4,395.9
"1986","August",.,.,.,.,.,.,103.2,140.2,202.7,396.7
"1986","September",.,.,.,.,.,.,103.7,140.2,202.8,396.8
"1986","October",.,.,.,.,.,.,103.9,140.7,203.4,398.0
"1986","November",.,.,.,.,.,.,103.8,140.6,203.4,398.0
"1986","December",.,.,.,.,.,.,104.0,140.8,203.6,398.4
"1986","Annual average",.,.,.,.,.,.,102.9,139.4,201.6,394.5
"1985","January",.,.,.,.,.,.,98.1,131.2,189.7,371.3
"1985","February",.,.,.,.,.,.,98.4,131.7,190.5,372.8
"1985","March",.,.,.,.,.,.,99.3,133.0,192.3,376.3
"1985","April",.,.,.,.,.,.,99.9,133.7,193.4,378.3
"1985","May",.,.,.,.,.,.,100.1,135.0,195.2,382.0
"1985","June",.,.,.,.,.,.,100.3,135.3,195.7,383.0
"1985","July",.,.,.,.,.,.,100.2,135.4,195.8,383.1
"1985","August",.,.,.,.,.,.,100.3,135.6,196.1,383.8
"1985","September",.,.,.,.,.,.,100.7,135.8,196.4,384.2
"1985","October",.,.,.,.,.,.,100.8,136.0,196.6,384.7
"1985","November",.,.,.,.,.,.,100.8,136.1,196.8,385.1
"1985","December",.,.,.,.,.,.,101.0,136.2,197.0,385.4
"1985","Annual average",.,.,.,.,.,.,100.0,134.6,194.6,380.8
"1984","January",.,.,.,.,.,.,.,123.3,178.4,349.0
"1984","February",.,.,.,.,.,.,.,123.8,179.1,350.4
"1984","March",.,.,.,.,.,.,.,124.7,180.3,352.9
"1984","April",.,.,.,.,.,.,.,125.6,181.6,355.3
"1984","May",.,.,.,.,.,.,.,126.9,183.4,359.0
"1984","June",.,.,.,.,.,.,.,127.2,183.9,359.9
"1984","July",.,.,.,.,.,.,.,127.7,184.6,361.3
"1984","August",.,.,.,.,.,.,.,128.2,185.3,362.7
"1984","September",.,.,.,.,.,.,.,129.0,186.4,364.9
"1984","October",.,.,.,.,.,.,.,129.6,187.4,366.8
"1984","November",.,.,.,.,.,.,.,129.7,187.6,367.0
"1984","December",.,.,.,.,.,.,.,129.8,187.7,367.2
"1984","Annual average",.,.,.,.,.,.,.,127.1,183.8,359.7
"1983","January",.,.,.,.,.,.,.,113.9,164.8,322.5
"1983","February",.,.,.,.,.,.,.,114.4,165.7,324.3
"1983","March",.,.,.,.,.,.,.,115.4,166.6,326.0
"1983","April",.,.,.,.,.,.,.,116.3,168.7,330.0
"1983","May",.,.,.,.,.,.,.,118.2,170.9,334.3
"1983","June",.,.,.,.,.,.,.,119.5,172.9,338.4
"1983","July",.,.,.,.,.,.,.,120.0,173.7,339.9
"1983","August",.,.,.,.,.,.,.,120.1,174.0,340.5
"1983","September",.,.,.,.,.,.,.,121.0,175.1,342.5
"1983","October",.,.,.,.,.,.,.,121.3,175.4,343.2
"1983","November",.,.,.,.,.,.,.,122.4,177.0,346.3
"1983","December",.,.,.,.,.,.,.,122.3,176.9,346.1
"1983","Annual average",.,.,.,.,.,.,.,118.7,171.8,336.2
"1982","January",.,.,.,.,.,.,.,105.4,152.4,298.1
"1982","February",.,.,.,.,.,.,.,105.9,153.1,299.6
"1982","March",.,.,.,.,.,.,.,107.3,155.0,303.3
"1982","April",.,.,.,.,.,.,.,107.9,156.1,305.4
"1982","May",.,.,.,.,.,.,.,110.0,158.6,310.4
"1982","June",.,.,.,.,.,.,.,110.4,158.9,310.9
"1982","July",.,.,.,.,.,.,.,111.3,160.1,313.2
"1982","August",.,.,.,.,.,.,.,110.8,159.7,312.5
"1982","September",.,.,.,.,.,.,.,110.6,160.1,313.2
"1982","October",.,.,.,.,.,.,.,111.1,160.7,314.4
"1982","November",.,.,.,.,.,.,.,111.4,161.3,315.6
"1982","December",.,.,.,.,.,.,.,112.7,163.4,319.7
"1982","Annual average",.,.,.,.,.,.,.,109.6,158.3,309.7
"1981","January",.,.,.,.,.,.,.,95.6,137.6,269.3
"1981","February",.,.,.,.,.,.,.,96.1,138.8,271.6
"1981","March",.,.,.,.,.,.,.,97.1,140.6,275.2
"1981","April",.,.,.,.,.,.,.,98.0,142.4,278.8
"1981","May",.,.,.,.,.,.,.,99.1,144.4,282.6
"1981","June",.,.,.,.,.,.,.,100.3,145.3,284.2
"1981","July",.,.,.,.,.,.,.,100.6,145.7,285.1
"1981","August",.,.,.,.,.,.,.,100.9,146.2,286.0
"1981","September",.,.,.,.,.,.,.,102.0,148.1,289.8
"1981","October",.,.,.,.,.,.,.,103.3,149.4,292.3
"1981","November",.,.,.,.,.,.,.,103.3,149.4,292.4
"1981","December",.,.,.,.,.,.,.,103.5,149.9,293.4
"1981","Annual average",.,.,.,.,.,.,.,100.0,144.8,283.4
"1980","January",.,.,.,.,.,.,.,.,121.3,237.3
"1980","February",.,.,.,.,.,.,.,.,123.1,240.8
"1980","March",.,.,.,.,.,.,.,.,124.3,243.3
"1980","April",.,.,.,.,.,.,.,.,126.7,247.8
"1980","May",.,.,.,.,.,.,.,.,128.1,250.7
"1980","June",.,.,.,.,.,.,.,.,128.6,251.7
"1980","July",.,.,.,.,.,.,.,.,129.4,253.1
"1980","August",.,.,.,.,.,.,.,.,131.1,256.4
"1980","September",.,.,.,.,.,.,.,.,132.9,260.1
"1980","October",.,.,.,.,.,.,.,.,134.2,262.6
"1980","November",.,.,.,.,.,.,.,.,135.4,264.9
"1980","December",.,.,.,.,.,.,.,.,136.4,266.8
"1980","Annual average",.,.,.,.,.,.,.,.,129.3,253.0
"1979","January",.,.,.,.,.,.,.,.,111.3,217.8
"1979","February",.,.,.,.,.,.,.,.,112.6,220.4
"1979","March",.,.,.,.,.,.,.,.,113.4,221.8
"1979","April",.,.,.,.,.,.,.,.,114.4,223.9
"1979","May",.,.,.,.,.,.,.,.,114.8,224.6
"1979","June",.,.,.,.,.,.,.,.,115.6,226.3
"1979","July",.,.,.,.,.,.,.,.,116.2,227.3
"1979","August",.,.,.,.,.,.,.,.,116.7,228.4
"1979","September",.,.,.,.,.,.,.,.,117.7,230.3
"1979","October",.,.,.,.,.,.,.,.,118.4,231.8
"1979","November",.,.,.,.,.,.,.,.,119.3,233.4
"1979","December",.,.,.,.,.,.,.,.,119.9,234.7
"1979","Annual average",.,.,.,.,.,.,.,.,115.9,226.7
"1978","January",.,.,.,.,.,.,.,.,104.0,204.3
"1978","February",.,.,.,.,.,.,.,.,105.3,206.8
"1978","March",.,.,.,.,.,.,.,.,105.6,207.3
"1978","April",.,.,.,.,.,.,.,.,106.2,208.1
"1978","May",.,.,.,.,.,.,.,.,107.8,211.3
"1978","June",.,.,.,.,.,.,.,.,107.8,211.4
"1978","July",.,.,.,.,.,.,.,.,108.1,211.8
"1978","August",.,.,.,.,.,.,.,.,108.6,212.7
"1978","September",.,.,.,.,.,.,.,.,109.3,214.3
"1978","October",.,.,.,.,.,.,.,.,110.0,215.3
"1978","November",.,.,.,.,.,.,.,.,110.6,216.5
"1978","December",.,.,.,.,.,.,.,.,110.4,216.1
"1978","Annual average",.,.,.,.,.,.,.,.,107.8,211.3
"1977","January",.,.,.,.,.,.,.,.,94.9,185.0
"1977","February",.,.,.,.,.,.,.,.,95.8,187.2
"1977","March",.,.,.,.,.,.,.,.,97.1,190.2
"1977","April",.,.,.,.,.,.,.,.,97.8,191.6
"1977","May",.,.,.,.,.,.,.,.,99.1,194.3
"1977","June",.,.,.,.,.,.,.,.,99.9,196.7
"1977","July",.,.,.,.,.,.,.,.,100.6,198.2
"1977","August",.,.,.,.,.,.,.,.,102.2,201.4
"1977","September",.,.,.,.,.,.,.,.,102.6,202.2
"1977","October",.,.,.,.,.,.,.,.,103.1,202.9
"1977","November",.,.,.,.,.,.,.,.,103.3,203.8
"1977","December",.,.,.,.,.,.,.,.,103.7,204.1
"1977","Annual average",.,.,.,.,.,.,.,.,100.0,196.4
"1976","January",.,.,.,.,.,.,.,.,.,165.7
"1976","February",.,.,.,.,.,.,.,.,.,167.8
"1976","March",.,.,.,.,.,.,.,.,.,169.6
"1976","April",.,.,.,.,.,.,.,.,.,170.8
"1976","May",.,.,.,.,.,.,.,.,.,171.3
"1976","June",.,.,.,.,.,.,.,.,.,171.7
"1976","July",.,.,.,.,.,.,.,.,.,175.0
"1976","August",.,.,.,.,.,.,.,.,.,177.3
"1976","September",.,.,.,.,.,.,.,.,.,178.7
"1976","October",.,.,.,.,.,.,.,.,.,180.6
"1976","November",.,.,.,.,.,.,.,.,.,181.8
"1976","December",.,.,.,.,.,.,.,.,.,182.4
"1976","Annual average",.,.,.,.,.,.,.,.,.,174.4
"1975","January",.,.,.,.,.,.,.,.,.,141.3
"1975","February",.,.,.,.,.,.,.,.,.,143.4
"1975","March",.,.,.,.,.,.,.,.,.,145.8
"1975","April",.,.,.,.,.,.,.,.,.,148.9
"1975","May",.,.,.,.,.,.,.,.,.,150.4
"1975","June",.,.,.,.,.,.,.,.,.,150.9
"1975","July",.,.,.,.,.,.,.,.,.,153.3
"1975","August",.,.,.,.,.,.,.,.,.,155.2
"1975","September",.,.,.,.,.,.,.,.,.,157.4
"1975","October",.,.,.,.,.,.,.,.,.,159.8
"1975","November",.,.,.,.,.,.,.,.,.,161.4
"1975","December",.,.,.,.,.,.,.,.,.,162.4
"1975","Annual average",.,.,.,.,.,.,.,.,.,152.5
"1974","January",.,.,.,.,.,.,.,.,.,118.5
"1974","February",.,.,.,.,.,.,.,.,.,121.9
"1974","March",.,.,.,.,.,.,.,.,.,123.0
"1974","April",.,.,.,.,.,.,.,.,.,126.1
"1974","May",.,.,.,.,.,.,.,.,.,127.4
"1974","June",.,.,.,.,.,.,.,.,.,127.8
"1974","July",.,.,.,.,.,.,.,.,.,130.4
"1974","August",.,.,.,.,.,.,.,.,.,132.3
"1974","September",.,.,.,.,.,.,.,.,.,135.1
"1974","October",.,.,.,.,.,.,.,.,.,136.3
"1974","November",.,.,.,.,.,.,.,.,.,137.2
"1974","December",.,.,.,.,.,.,.,.,.,137.5
"1974","Annual average",.,.,.,.,.,.,.,.,.,129.4
"1973","January",.,.,.,.,.,.,.,.,.,104.1
"1973","February",.,.,.,.,.,.,.,.,.,104.8
"1973","March",.,.,.,.,.,.,.,.,.,105.4
"1973","April",.,.,.,.,.,.,.,.,.,106.7
"1973","May",.,.,.,.,.,.,.,.,.,108.3
"1973","June",.,.,.,.,.,.,.,.,.,109.4
"1973","July",.,.,.,.,.,.,.,.,.,112.2
"1973","August",.,.,.,.,.,.,.,.,.,113.8
"1973","September",.,.,.,.,.,.,.,.,.,114.7
"1973","October",.,.,.,.,.,.,.,.,.,115.4
"1973","November",.,.,.,.,.,.,.,.,.,116.1
"1973","December",.,.,.,.,.,.,.,.,.,117.6
"1973","Annual average",.,.,.,.,.,.,.,.,.,110.7
"1972","January",.,.,.,.,.,.,.,.,.,95.8
"1972","February",.,.,.,.,.,.,.,.,.,96.6
"1972","March",.,.,.,.,.,.,.,.,.,97.2
"1972","April",.,.,.,.,.,.,.,.,.,98.8
"1972","May",.,.,.,.,.,.,.,.,.,99.5
"1972","June",.,.,.,.,.,.,.,.,.,99.9
"1972","July",.,.,.,.,.,.,.,.,.,100.8
"1972","August",.,.,.,.,.,.,.,.,.,101.3
"1972","September",.,.,.,.,.,.,.,.,.,101.7
"1972","October",.,.,.,.,.,.,.,.,.,102.1
"1972","November",.,.,.,.,.,.,.,.,.,102.9
"1972","December",.,.,.,.,.,.,.,.,.,103.1
"1972","Annual average",.,.,.,.,.,.,.,.,.,100.0
